<?xml version="1.0" encoding="UTF-8"?>
<metadata>
  <idinfo>
    <citation>
      <citeinfo>
        <origin/>
        <pubdate>20200101</pubdate>
        <title>Raster Terrain map of Central and North Saqqara and Abusir archaeological areas, Egypt, Late Period and Greco-Roman Period (North raster)</title>
        <geoform>raster digital data</geoform>
        <pubinfo>
          <publish>Stanford University Press</publish>
        </pubinfo>
        <onlink>http://purl.stanford.edu/bc219nr7497</onlink>
        <lworkcit>
          <citeinfo>
            <title>Constructing the Sacred Media</title>
          </citeinfo>
        </lworkcit>
      </citeinfo>
    </citation>
    <descript>
      <abstract>Data has been geo-referenced to projected coordinate system WGS 1984 36N. Files have been slightly modified to remove modern roads, buildings, etc. around the archaeological area of Saqqara. Raster attempts to visualize ancient ground level during the Late Period and the Greco-Roman Period. </abstract>
      <purpose>Raster created using digitized contour line files based on the Egyptian Ministry of Housing and Reconstruction (MHR Le Caire) 1:5000 series, 1978, H21 and H22.  Available at: https://lccn.loc.gov/00553301</purpose>
    </descript>
    <timeperd>
      <timeinfo>
        <sngdate>
          <caldate>20200101</caldate>
        </sngdate>
      </timeinfo>
      <current>publication date</current>
    </timeperd>
    <spdom>
      <bounding>
        <westbc>31.193306</westbc>
        <eastbc>31.230488</eastbc>
        <northbc>29.908477</northbc>
        <southbc>29.860366</southbc>
      </bounding>
    </spdom>
    <keywords>
      <theme>
        <themekt>lcsh</themekt>
        <themekey>Archaeology</themekey>
      </theme>
      <theme>
        <themekt>ISO 19115 Topic Categories</themekt>
        <themekey>imageryBaseMapsEarthCover</themekey>
      </theme>
      <place>
        <placekt>geonames</placekt>
        <placekey>Ṣaqqārah (Egypt)</placekey>
      </place>
    </keywords>
    <accconst>None</accconst>
    <useconst>This file is posted with a Creative Commons Attribution-NonCommercial-Share Alike 4.0 license (https://creativecommons.org/licenses/by-nc-sa/4.0/)</useconst>
    <ptcontac>
      <cntinfo>
        <cntorgp>
          <cntorg>Stanford University Press</cntorg>
        </cntorgp>
        <cntvoice>(650) 723-9434</cntvoice>
      </cntinfo>
    </ptcontac>
    <datacred>Sullivan, Elaine. "Raster Terrain map of Central and North Saqqara and Abusir archaeological areas, Egypt, Late Period and Greco-Roman Period (North raster)." Constructing the Sacred: Visibility and Ritual Landscape at the Egyptian Necropolis of Saqqara. Stanford University Press, 2020. Available at: http://purl.stanford.edu/bc219nr7497</datacred>
    <native> Version 6.2 (Build 9200) ; Esri ArcGIS 10.4.1.5686</native>
  </idinfo>
  <spdoinfo>
    <direct>Raster</direct>
    <rastinfo>
      <rasttype>Grid Cell</rasttype>
      <rowcount>373</rowcount>
      <colcount>248</colcount>
    </rastinfo>
  </spdoinfo>
  <distinfo>
    <distrib>
      <cntinfo>
        <cntorgp>
          <cntorg>Stanford Geospatial Center</cntorg>
        </cntorgp>
        <cntaddr>
          <addrtype>mailing and physical</addrtype>
          <address>Mitchell Bldg. 2nd floor</address>
          <address>397 Panama Mall</address>
          <city>Stanford</city>
          <state>California</state>
          <postal>94305</postal>
          <country>US</country>
        </cntaddr>
        <cntvoice>650-723-2746</cntvoice>
        <cntemail>brannerlibrary@stanford.edu</cntemail>
      </cntinfo>
    </distrib>
    <distliab>See access and use constraints information.</distliab>
  </distinfo>
  <metainfo>
    <metd>20191017</metd>
    <metc>
      <cntinfo>
        <cntorgp>
          <cntorg>Stanford University Press</cntorg>
        </cntorgp>
        <cntvoice>(650) 723-9434</cntvoice>
      </cntinfo>
    </metc>
    <metstdn>FGDC Content Standard for Digital Geospatial Metadata</metstdn>
    <metstdv>FGDC-STD-001-1998</metstdv>
    <mettc>local time</mettc>
  </metainfo>
</metadata>
