<?xml version="1.0" encoding="UTF-8"?>
<metadata>
  <idinfo>
    <citation>
      <citeinfo>
        <origin/>
        <pubdate>20030101</pubdate>
        <title>Arctic Ice Chart, July 16, 1998</title>
        <geoform>vector digital data</geoform>
        <pubinfo>
          <publish>Arctic Climate System (ACSYS)</publish>
        </pubinfo>
        <othercit>Retrieved from http://www.climate-cryosphere.org/resources/historical-ice-chart-archive/gis-data on Friday, February 26, 2016.</othercit>
        <onlink>http://purl.stanford.edu/bb131xn0863</onlink>
        <lworkcit>
          <citeinfo>
            <title>ACSYS Historical Ice Chart Archive</title>
          </citeinfo>
        </lworkcit>
      </citeinfo>
    </citation>
    <descript>
      <abstract>This polygon shapefile contains ice observations in the Arctic region for July 16, 1998. This layer is part of the Arctic Climate System (ACSYS) Historical Ice Chart Archive. The earliest chart in the data set comes from 1553, when Sir Hugh Willoughby and Richard Chancellor, commanders of two expeditions sent out by the Company of Merchant Adventurers, recorded their observations of the ice edge. Early charts are irregular and infrequent, reflecting the remoteness and hostility of the region. The frequency of observations generally increases over time, as the economic and strategic importance of the Arctic grew, along with the ability to access, observe and record information on sea ice. The Norwegian Meteorological Institute in Tromso used a combination of satellite imagery and in situ observations to produce daily digital charts each working day. These show not only the ice edge, but also detailed information on the range of sea ice concentrations and ice types. The Norwegian Meteorological Institute is continuing this series, and more recent charts may be obtained from this source.</abstract>
      <purpose>The ACSYS Historical Ice Chart Archive presents historical sea-ice observations in the Arctic region between 30ºW and 70ºE. The earliest chart dates from 1553, and the most recent from December 2002.</purpose>
      <supplinf>Vessels sailing to the Arctic to explore or to hunt whales and seals made early sea-ice observations. Over the centuries, technological advances and commercial opportunities in the Arctic led to more frequent and regular sea-ice observations, with associated increasing accuracy. As sailing ships gave way to steam powered vessels, and with the advent of aircraft and satellites, regular mapping of sea ice conditions became an organized activity. From 1967 onwards, hand drawn weekly charts were produced, showing not only an ice edge, but also concentrations of sea ice within the ice pack. Since July 1997, improved technology allowed daily production of digital sea ice maps on workdays.
</supplinf>
    </descript>
    <timeperd>
      <timeinfo>
        <sngdate>
          <caldate>19980716</caldate>
        </sngdate>
      </timeinfo>
      <current>ground condition</current>
    </timeperd>
    <status>
      <progress>Complete</progress>
      <update>As needed</update>
    </status>
    <spdom>
      <bounding>
        <westbc>-91.578243</westbc>
        <eastbc>113.963119</eastbc>
        <northbc>89.694484</northbc>
        <southbc>62.306186</southbc>
      </bounding>
    </spdom>
    <keywords>
      <theme>
        <themekt>lcsh</themekt>
        <themekey>Sea ice</themekey>
      </theme>
      <theme>
        <themekt>ISO 19115 Topic Categories</themekt>
        <themekey>climatologyMeteorologyAtmosphere</themekey>
        <themekey>oceans</themekey>
      </theme>
      <place>
        <placekt>geonames</placekt>
        <placekey>Arctic Ocean</placekey>
      </place>
    </keywords>
    <accconst>If you use this data, please refer to it using this citation:

ACSYS, 2003. ACSYS Historical Ice Chart Archive (1553-2002). IACPO Informal Report No. 8. Tromsø, Norway: Arctic Climate System Study.</accconst>
    <useconst>None</useconst>
    <ptcontac>
      <cntinfo>
        <cntorgp>
          <cntorg>Norwegian Polar Institute</cntorg>
        </cntorgp>
        <cntemail>info@climate-cryosphere.org</cntemail>
      </cntinfo>
    </ptcontac>
    <datacred>ACSYS, 2003. ACSYS Historical Ice Chart Archive (1553-2002). IACPO Informal Report No. 8. Tromsø, Norway: Arctic Climate System Study.</datacred>
    <native> Version 6.2 (Build 9200) ; Esri ArcGIS 10.4.1.5686</native>
  </idinfo>
  <spdoinfo>
    <direct>Vector</direct>
    <ptvctinf>
      <sdtsterm>
        <sdtstype>GT-polygon composed of chains</sdtstype>
        <ptvctcnt>59</ptvctcnt>
      </sdtsterm>
    </ptvctinf>
  </spdoinfo>
  <eainfo>
    <detailed>
      <enttyp>
        <enttypl>ice19980716</enttypl>
      </enttyp>
      <attr>
        <attrlabl>FID</attrlabl>
        <attrdef>Internal feature number.</attrdef>
        <attrdefs>Esri</attrdefs>
        <attrdomv>
          <udom>Sequential unique whole numbers that are automatically generated.</udom>
        </attrdomv>
      </attr>
      <attr>
        <attrlabl>Shape</attrlabl>
        <attrdef>Feature geometry.</attrdef>
        <attrdefs>Esri</attrdefs>
        <attrdomv>
          <udom>Coordinates defining the features.</udom>
        </attrdomv>
      </attr>
      <attr>
        <attrlabl>ID</attrlabl>
      </attr>
      <attr>
        <attrlabl>ICE_TYPE</attrlabl>
      </attr>
    </detailed>
  </eainfo>
  <distinfo>
    <distrib>
      <cntinfo>
        <cntorgp>
          <cntorg>Stanford Geospatial Center</cntorg>
        </cntorgp>
        <cntaddr>
          <addrtype>physical</addrtype>
          <address>Branner Earth Sciences Library</address>
          <address>Mitchell Building, 2nd Floor</address>
          <address>397 Panama Mall</address>
          <city>Stanford</city>
          <state>California</state>
          <postal>94305</postal>
        </cntaddr>
        <cntvoice>650-723-2746</cntvoice>
        <cntemail>brannerlibrary@stanford.edu</cntemail>
      </cntinfo>
    </distrib>
    <distliab>See access and use constraints information.</distliab>
  </distinfo>
  <metainfo>
    <metd>20180720</metd>
    <metc>
      <cntinfo>
        <cntorgp>
          <cntorg>Stanford Geospatial Center</cntorg>
        </cntorgp>
        <cntaddr>
          <addrtype>physical</addrtype>
          <address>Branner Earth Sciences Library</address>
          <address>Mitchell Building, 2nd Floor</address>
          <address>397 Panama Mall</address>
          <city>Stanford</city>
          <state>California</state>
          <postal>94305</postal>
        </cntaddr>
        <cntvoice>650-723-2746</cntvoice>
        <cntemail>brannerlibrary@stanford.edu</cntemail>
      </cntinfo>
    </metc>
    <metstdn>FGDC Content Standard for Digital Geospatial Metadata</metstdn>
    <metstdv>FGDC-STD-001-1998</metstdv>
    <mettc>local time</mettc>
  </metainfo>
</metadata>
